address,db_time,uptime_ms,bmp085_temp_decic,bmp085_press_pa,batt_mv,panel_mv,apogee_mv,apogee_w_m2,dallas_amb_c,dallas_roof_c,panel_ua,humidity_centi_pct
112,2013-09-19 17:55:58.203396-10,148540,359,100900,4161,135,,4990,,,,0
112,2013-09-19 17:55:57.203396-10,,,,,,,4991,,,,
112,2013-09-19 17:55:56.203396-10,,,,,,,4990,,,,
112,2013-09-19 17:55:55.203396-10,,,,,,,4993,,,,
112,2013-09-19 17:55:54.203396-10,,,,4149,120,,4988,,,,
112,2013-09-19 17:55:53.203396-10,,,,,,,4991,,,,
112,2013-09-19 17:55:52.203396-10,,,,,,,4993,,,,
112,2013-09-19 17:55:51.203396-10,,,,,,,4992,,,,
112,2013-09-19 17:55:50.203396-10,,,,4148,116,,4990,,,,
112,2013-09-19 17:55:49.203396-10,,,,,,,4990,,,,
112,2013-09-19 17:55:48.203396-10,,,,,,,4990,,,,
112,2013-09-19 17:55:47.203396-10,,,,,,,4993,,,,
112,2013-09-19 17:55:46.203396-10,,,,4151,124,,4989,,,,
112,2013-09-19 17:55:45.203396-10,,,,,,,4995,,,,
112,2013-09-19 17:55:44.203396-10,,,,,,,4997,,,,
112,2013-09-19 17:55:43.203396-10,,,,,,,4990,,,,
112,2013-09-19 17:55:42.203396-10,,,,4154,115,,4991,,,,
112,2013-09-19 17:55:41.203396-10,,,,,,,4989,,,,
112,2013-09-19 17:55:40.203396-10,,,,,,,4991,,,,
112,2013-09-19 17:55:39.203396-10,,,,,,,4991,,,,
112,2013-09-19 17:55:38.203396-10,,,,4152,126,,4989,,,,
112,2013-09-19 17:55:37.203396-10,,,,,,,4983,,,,
112,2013-09-19 17:55:36.203396-10,,,,,,,4986,,,,
112,2013-09-19 17:55:35.203396-10,,,,,,,4988,,,,
112,2013-09-19 17:55:34.203396-10,,,,4165,105,,4986,,,,
112,2013-09-19 17:55:33.203396-10,,,,,,,4990,,,,
112,2013-09-19 17:55:32.203396-10,,,,,,,4991,,,,
112,2013-09-19 17:55:31.203396-10,,,,,,,4992,,,,
112,2013-09-19 17:55:30.203396-10,,,,4156,123,,4992,,,,
112,2013-09-19 17:55:29.203396-10,,,,,,,4992,,,,
112,2013-09-19 17:55:28.203396-10,,,,,,,4991,,,,
112,2013-09-19 17:55:27.203396-10,,,,,,,4991,,,,
112,2013-09-19 17:55:26.203396-10,,,,4163,115,,4990,,,,
112,2013-09-19 17:55:25.203396-10,,,,,,,4989,,,,
112,2013-09-19 17:55:24.203396-10,,,,,,,4992,,,,
112,2013-09-19 17:55:23.203396-10,,,,,,,4991,,,,
112,2013-09-19 17:55:22.203396-10,,,,4152,109,,4987,,,,
112,2013-09-19 17:55:21.203396-10,,,,,,,4995,,,,
112,2013-09-19 17:55:20.203396-10,,,,,,,4988,,,,
112,2013-09-19 17:55:19.203396-10,,,,,,,4993,,,,
112,2013-09-19 17:55:18.203396-10,,,,4141,114,,4989,,,,
112,2013-09-19 17:55:17.203396-10,,,,,,,4993,,,,
112,2013-09-19 17:55:16.203396-10,,,,,,,4991,,,,
112,2013-09-19 17:55:15.203396-10,,,,,,,4990,,,,
112,2013-09-19 17:55:14.203396-10,,,,4161,127,,4992,,,,
112,2013-09-19 17:55:13.203396-10,,,,,,,4990,,,,
112,2013-09-19 17:55:12.203396-10,,,,,,,4991,,,,
112,2013-09-19 17:55:11.203396-10,,,,,,,4988,,,,
112,2013-09-19 17:55:10.203396-10,,,,4151,124,,4990,,,,
112,2013-09-19 17:55:09.203396-10,,,,,,,4994,,,,
112,2013-09-19 17:55:08.203396-10,,,,,,,4991,,,,
112,2013-09-19 17:55:07.203396-10,,,,,,,4991,,,,
112,2013-09-19 17:55:06.203396-10,,,,4146,121,,4989,,,,
112,2013-09-19 17:55:05.203396-10,,,,,,,4990,,,,
112,2013-09-19 17:55:04.203396-10,,,,,,,4991,,,,
112,2013-09-19 17:55:03.203396-10,,,,,,,4992,,,,
112,2013-09-19 17:55:02.203396-10,,,,4154,119,,4992,,,,
112,2013-09-19 17:55:01.203396-10,,,,,,,4988,,,,
112,2013-09-19 17:55:00.203396-10,,,,,,,4992,,,,
112,2013-09-19 17:54:59.203396-10,,,,,,,4998,,,,
115,2013-09-19 17:56:26.25339-10,108622,272,101042,4044,82,,8,,,,0
115,2013-09-19 17:56:25.25339-10,,,,,,,6,,,,
115,2013-09-19 17:56:24.25339-10,,,,,,,9,,,,
115,2013-09-19 17:56:23.25339-10,,,,,,,4,,,,
115,2013-09-19 17:56:22.25339-10,,,,4049,91,,6,,,,
115,2013-09-19 17:56:21.25339-10,,,,,,,6,,,,
115,2013-09-19 17:56:20.25339-10,,,,,,,7,,,,
115,2013-09-19 17:56:19.25339-10,,,,,,,12,,,,
115,2013-09-19 17:56:18.25339-10,,,,4067,93,,8,,,,
115,2013-09-19 17:56:17.25339-10,,,,,,,7,,,,
115,2013-09-19 17:56:16.25339-10,,,,,,,8,,,,
115,2013-09-19 17:56:15.25339-10,,,,,,,11,,,,
115,2013-09-19 17:56:14.25339-10,,,,4058,101,,8,,,,
115,2013-09-19 17:56:13.25339-10,,,,,,,5,,,,
115,2013-09-19 17:56:12.25339-10,,,,,,,8,,,,
115,2013-09-19 17:56:11.25339-10,,,,,,,7,,,,
115,2013-09-19 17:56:10.25339-10,,,,4075,77,,12,,,,
115,2013-09-19 17:56:09.25339-10,,,,,,,9,,,,
115,2013-09-19 17:56:08.25339-10,,,,,,,6,,,,
115,2013-09-19 17:56:07.25339-10,,,,,,,8,,,,
115,2013-09-19 17:56:06.25339-10,,,,4069,88,,11,,,,
115,2013-09-19 17:56:05.25339-10,,,,,,,4,,,,
115,2013-09-19 17:56:04.25339-10,,,,,,,5,,,,
115,2013-09-19 17:56:03.25339-10,,,,,,,5,,,,
115,2013-09-19 17:56:02.25339-10,,,,4052,92,,8,,,,
115,2013-09-19 17:56:01.25339-10,,,,,,,11,,,,
115,2013-09-19 17:56:00.25339-10,,,,,,,10,,,,
115,2013-09-19 17:55:59.25339-10,,,,,,,7,,,,
115,2013-09-19 17:55:58.25339-10,,,,4061,113,,7,,,,
115,2013-09-19 17:55:57.25339-10,,,,,,,12,,,,
115,2013-09-19 17:55:56.25339-10,,,,,,,3,,,,
115,2013-09-19 17:55:55.25339-10,,,,,,,7,,,,
115,2013-09-19 17:55:54.25339-10,,,,4044,98,,5,,,,
115,2013-09-19 17:55:53.25339-10,,,,,,,10,,,,
115,2013-09-19 17:55:52.25339-10,,,,,,,8,,,,
115,2013-09-19 17:55:51.25339-10,,,,,,,8,,,,
115,2013-09-19 17:55:50.25339-10,,,,4045,80,,5,,,,
115,2013-09-19 17:55:49.25339-10,,,,,,,7,,,,
115,2013-09-19 17:55:48.25339-10,,,,,,,7,,,,
115,2013-09-19 17:55:47.25339-10,,,,,,,4,,,,
115,2013-09-19 17:55:46.25339-10,,,,4052,98,,8,,,,
115,2013-09-19 17:55:45.25339-10,,,,,,,5,,,,
115,2013-09-19 17:55:44.25339-10,,,,,,,13,,,,
115,2013-09-19 17:55:43.25339-10,,,,,,,7,,,,
115,2013-09-19 17:55:42.25339-10,,,,4063,77,,12,,,,
115,2013-09-19 17:55:41.25339-10,,,,,,,6,,,,
115,2013-09-19 17:55:40.25339-10,,,,,,,7,,,,
115,2013-09-19 17:55:39.25339-10,,,,,,,12,,,,
115,2013-09-19 17:55:38.25339-10,,,,4067,86,,11,,,,
115,2013-09-19 17:55:37.25339-10,,,,,,,2,,,,
115,2013-09-19 17:55:36.25339-10,,,,,,,8,,,,
115,2013-09-19 17:55:35.25339-10,,,,,,,5,,,,
115,2013-09-19 17:55:34.25339-10,,,,4073,82,,14,,,,
115,2013-09-19 17:55:33.25339-10,,,,,,,6,,,,
115,2013-09-19 17:55:32.25339-10,,,,,,,6,,,,
115,2013-09-19 17:55:31.25339-10,,,,,,,4,,,,
115,2013-09-19 17:55:30.25339-10,,,,4056,85,,2,,,,
115,2013-09-19 17:55:29.25339-10,,,,,,,5,,,,
115,2013-09-19 17:55:28.25339-10,,,,,,,9,,,,
115,2013-09-19 17:55:27.25339-10,,,,,,,9,,,,
112,2013-09-19 17:57:39.65146-10,,,,4148,1,,4993,,,,
112,2013-09-19 17:57:38.65146-10,,,,,,,4997,,,,
112,2013-09-19 17:57:37.65146-10,,,,,,,4989,,,,
112,2013-09-19 17:57:36.65146-10,,,,,,,4992,,,,
112,2013-09-19 17:57:35.65146-10,,,,4152,125,,4991,,,,
112,2013-09-19 17:57:34.65146-10,,,,,,,4989,,,,
112,2013-09-19 17:57:33.65146-10,,,,,,,4989,,,,
112,2013-09-19 17:57:32.65146-10,,,,,,,4991,,,,
112,2013-09-19 17:57:31.65146-10,,,,4167,138,,4994,,,,
112,2013-09-19 17:57:30.65146-10,,,,,,,4986,,,,
112,2013-09-19 17:57:29.65146-10,,,,,,,4990,,,,
119,2013-09-19 17:56:29.291384-10,137747,291,101038,4106,106,,104,,,,0
119,2013-09-19 17:56:28.291384-10,,,,,,,104,,,,
119,2013-09-19 17:56:27.291384-10,,,,,,,86,,,,
119,2013-09-19 17:56:26.291384-10,,,,,,,26,,,,
119,2013-09-19 17:56:25.291384-10,,,,4103,112,,88,,,,
119,2013-09-19 17:56:24.291384-10,,,,,,,75,,,,
119,2013-09-19 17:56:23.291384-10,,,,,,,62,,,,
119,2013-09-19 17:56:22.291384-10,,,,,,,60,,,,
119,2013-09-19 17:56:21.291384-10,,,,4108,112,,62,,,,
119,2013-09-19 17:56:20.291384-10,,,,,,,76,,,,
119,2013-09-19 17:56:19.291384-10,,,,,,,538,,,,
119,2013-09-19 17:56:18.291384-10,,,,,,,463,,,,
119,2013-09-19 17:56:17.291384-10,,,,4100,113,,471,,,,
119,2013-09-19 17:56:16.291384-10,,,,,,,478,,,,
119,2013-09-19 17:56:15.291384-10,,,,,,,586,,,,
119,2013-09-19 17:56:14.291384-10,,,,,,,83,,,,
119,2013-09-19 17:56:13.291384-10,,,,4107,100,,35,,,,
119,2013-09-19 17:56:12.291384-10,,,,,,,54,,,,
119,2013-09-19 17:56:11.291384-10,,,,,,,47,,,,
119,2013-09-19 17:56:10.291384-10,,,,,,,17,,,,
119,2013-09-19 17:56:09.291384-10,,,,4108,99,,44,,,,
119,2013-09-19 17:56:08.291384-10,,,,,,,62,,,,
119,2013-09-19 17:56:07.291384-10,,,,,,,68,,,,
119,2013-09-19 17:56:06.291384-10,,,,,,,83,,,,
119,2013-09-19 17:56:05.291384-10,,,,4105,112,,104,,,,
119,2013-09-19 17:56:04.291384-10,,,,,,,94,,,,
119,2013-09-19 17:56:03.291384-10,,,,,,,72,,,,
119,2013-09-19 17:56:02.291384-10,,,,,,,71,,,,
119,2013-09-19 17:56:01.291384-10,,,,4105,103,,65,,,,
119,2013-09-19 17:56:00.291384-10,,,,,,,76,,,,
119,2013-09-19 17:55:59.291384-10,,,,,,,74,,,,
119,2013-09-19 17:55:58.291384-10,,,,,,,76,,,,
119,2013-09-19 17:55:57.291384-10,,,,4105,103,,79,,,,
119,2013-09-19 17:55:56.291384-10,,,,,,,78,,,,
119,2013-09-19 17:55:55.291384-10,,,,,,,78,,,,
119,2013-09-19 17:55:54.291384-10,,,,,,,70,,,,
119,2013-09-19 17:55:53.291384-10,,,,4102,107,,76,,,,
119,2013-09-19 17:55:52.291384-10,,,,,,,75,,,,
119,2013-09-19 17:55:51.291384-10,,,,,,,71,,,,
119,2013-09-19 17:55:50.291384-10,,,,,,,77,,,,
119,2013-09-19 17:55:49.291384-10,,,,4106,100,,73,,,,
119,2013-09-19 17:55:48.291384-10,,,,,,,75,,,,
119,2013-09-19 17:55:47.291384-10,,,,,,,76,,,,
119,2013-09-19 17:55:46.291384-10,,,,,,,71,,,,
119,2013-09-19 17:55:45.291384-10,,,,4096,92,,73,,,,
119,2013-09-19 17:55:44.291384-10,,,,,,,74,,,,
119,2013-09-19 17:55:43.291384-10,,,,,,,65,,,,
119,2013-09-19 17:55:42.291384-10,,,,,,,70,,,,
119,2013-09-19 17:55:41.291384-10,,,,4104,97,,74,,,,
119,2013-09-19 17:55:40.291384-10,,,,,,,74,,,,
119,2013-09-19 17:55:39.291384-10,,,,,,,67,,,,
119,2013-09-19 17:55:38.291384-10,,,,,,,64,,,,
119,2013-09-19 17:55:37.291384-10,,,,4098,107,,63,,,,
119,2013-09-19 17:55:36.291384-10,,,,,,,71,,,,
119,2013-09-19 17:55:35.291384-10,,,,,,,63,,,,
119,2013-09-19 17:55:34.291384-10,,,,,,,73,,,,
119,2013-09-19 17:55:33.291384-10,,,,4110,115,,67,,,,
119,2013-09-19 17:55:32.291384-10,,,,,,,61,,,,
119,2013-09-19 17:55:31.291384-10,,,,,,,64,,,,
119,2013-09-19 17:55:30.291384-10,,,,,,,69,,,,
112,2013-09-19 17:56:58.160406-10,158334,359,100883,4152,119,,4993,,,,0
112,2013-09-19 17:56:57.160406-10,,,,,,,4990,,,,
112,2013-09-19 17:56:56.160406-10,,,,,,,4991,,,,
112,2013-09-19 17:56:55.160406-10,,,,,,,4989,,,,
112,2013-09-19 17:56:54.160406-10,,,,4143,130,,4990,,,,
112,2013-09-19 17:56:53.160406-10,,,,,,,4994,,,,
112,2013-09-19 17:56:52.160406-10,,,,,,,4988,,,,
112,2013-09-19 17:56:51.160406-10,,,,,,,4989,,,,
112,2013-09-19 17:56:50.160406-10,,,,4148,133,,4985,,,,
112,2013-09-19 17:56:49.160406-10,,,,,,,4987,,,,
112,2013-09-19 17:56:48.160406-10,,,,,,,4993,,,,
112,2013-09-19 17:56:47.160406-10,,,,,,,4987,,,,
112,2013-09-19 17:56:46.160406-10,,,,4151,129,,4989,,,,
112,2013-09-19 17:56:45.160406-10,,,,,,,4990,,,,
112,2013-09-19 17:56:44.160406-10,,,,,,,4993,,,,
112,2013-09-19 17:56:43.160406-10,,,,,,,4995,,,,
112,2013-09-19 17:56:42.160406-10,,,,4148,131,,4991,,,,
112,2013-09-19 17:56:41.160406-10,,,,,,,4993,,,,
112,2013-09-19 17:56:40.160406-10,,,,,,,4991,,,,
112,2013-09-19 17:56:39.160406-10,,,,,,,4993,,,,
112,2013-09-19 17:56:38.160406-10,,,,4155,136,,4993,,,,
112,2013-09-19 17:56:37.160406-10,,,,,,,4994,,,,
112,2013-09-19 17:56:36.160406-10,,,,,,,4991,,,,
112,2013-09-19 17:56:35.160406-10,,,,,,,4988,,,,
112,2013-09-19 17:56:34.160406-10,,,,4158,136,,4993,,,,
112,2013-09-19 17:56:33.160406-10,,,,,,,4996,,,,
112,2013-09-19 17:56:32.160406-10,,,,,,,4989,,,,
112,2013-09-19 17:56:31.160406-10,,,,,,,4991,,,,
112,2013-09-19 17:56:30.160406-10,,,,4153,128,,4991,,,,
112,2013-09-19 17:56:29.160406-10,,,,,,,4989,,,,
112,2013-09-19 17:56:28.160406-10,,,,,,,4995,,,,
112,2013-09-19 17:56:27.160406-10,,,,,,,4993,,,,
112,2013-09-19 17:56:26.160406-10,,,,4144,116,,4986,,,,
112,2013-09-19 17:56:25.160406-10,,,,,,,4989,,,,
112,2013-09-19 17:56:24.160406-10,,,,,,,4988,,,,
112,2013-09-19 17:56:23.160406-10,,,,,,,4990,,,,
112,2013-09-19 17:56:22.160406-10,,,,4133,130,,4991,,,,
112,2013-09-19 17:56:21.160406-10,,,,,,,4988,,,,
112,2013-09-19 17:56:20.160406-10,,,,,,,4988,,,,
112,2013-09-19 17:56:19.160406-10,,,,,,,4988,,,,
112,2013-09-19 17:56:18.160406-10,,,,4152,130,,4985,,,,
112,2013-09-19 17:56:17.160406-10,,,,,,,4989,,,,
112,2013-09-19 17:56:16.160406-10,,,,,,,4988,,,,
112,2013-09-19 17:56:15.160406-10,,,,,,,4989,,,,
112,2013-09-19 17:56:14.160406-10,,,,4153,123,,4991,,,,
112,2013-09-19 17:56:13.160406-10,,,,,,,4993,,,,
112,2013-09-19 17:56:12.160406-10,,,,,,,4991,,,,
112,2013-09-19 17:56:11.160406-10,,,,,,,4993,,,,
112,2013-09-19 17:56:10.160406-10,,,,4159,113,,4986,,,,
112,2013-09-19 17:56:09.160406-10,,,,,,,4991,,,,
112,2013-09-19 17:56:08.160406-10,,,,,,,4995,,,,
112,2013-09-19 17:56:07.160406-10,,,,,,,4990,,,,
112,2013-09-19 17:56:06.160406-10,,,,4159,115,,4988,,,,
112,2013-09-19 17:56:05.160406-10,,,,,,,4997,,,,
112,2013-09-19 17:56:04.160406-10,,,,,,,4990,,,,
112,2013-09-19 17:56:03.160406-10,,,,,,,4988,,,,
112,2013-09-19 17:56:02.160406-10,,,,4145,114,,4988,,,,
112,2013-09-19 17:56:01.160406-10,,,,,,,4989,,,,
112,2013-09-19 17:56:00.160406-10,,,,,,,4996,,,,
112,2013-09-19 17:55:59.160406-10,,,,,,,4987,,,,
112,2013-09-19 17:57:28.65146-10,,,,,,,4992,,,,
112,2013-09-19 17:57:27.65146-10,,,,4149,108,,4990,,,,
112,2013-09-19 17:57:26.65146-10,,,,,,,4991,,,,
112,2013-09-19 17:57:25.65146-10,,,,,,,4991,,,,
112,2013-09-19 17:57:24.65146-10,,,,,,,4990,,,,
112,2013-09-19 17:57:23.65146-10,,,,4147,131,,4988,,,,
112,2013-09-19 17:57:22.65146-10,,,,,,,4993,,,,
112,2013-09-19 17:57:21.65146-10,,,,,,,4992,,,,
112,2013-09-19 17:57:20.65146-10,,,,,,,4988,,,,
112,2013-09-19 17:57:19.65146-10,,,,4163,130,,4992,,,,
112,2013-09-19 17:57:18.65146-10,,,,,,,4990,,,,
119,2013-09-19 17:57:29.569446-10,147462,293,101053,4096,120,,0,,,,0
119,2013-09-19 17:57:28.569446-10,,,,,,,2,,,,
119,2013-09-19 17:57:27.569446-10,,,,,,,1,,,,
119,2013-09-19 17:57:26.569446-10,,,,,,,2,,,,
119,2013-09-19 17:57:25.569446-10,,,,4104,114,,1,,,,
119,2013-09-19 17:57:24.569446-10,,,,,,,6,,,,
119,2013-09-19 17:57:23.569446-10,,,,,,,7,,,,
119,2013-09-19 17:57:22.569446-10,,,,,,,3,,,,
119,2013-09-19 17:57:21.569446-10,,,,4096,110,,14,,,,
119,2013-09-19 17:57:20.569446-10,,,,,,,15,,,,
119,2013-09-19 17:57:19.569446-10,,,,,,,19,,,,
119,2013-09-19 17:57:18.569446-10,,,,,,,23,,,,
119,2013-09-19 17:57:17.569446-10,,,,4096,116,,20,,,,
119,2013-09-19 17:57:16.569446-10,,,,,,,18,,,,
119,2013-09-19 17:57:15.569446-10,,,,,,,17,,,,
119,2013-09-19 17:57:14.569446-10,,,,,,,23,,,,
119,2013-09-19 17:57:13.569446-10,,,,4108,115,,31,,,,
119,2013-09-19 17:57:12.569446-10,,,,,,,38,,,,
119,2013-09-19 17:57:11.569446-10,,,,,,,35,,,,
119,2013-09-19 17:57:10.569446-10,,,,,,,32,,,,
119,2013-09-19 17:57:09.569446-10,,,,4103,111,,23,,,,
119,2013-09-19 17:57:08.569446-10,,,,,,,22,,,,
119,2013-09-19 17:57:07.569446-10,,,,,,,34,,,,
119,2013-09-19 17:57:06.569446-10,,,,,,,37,,,,
119,2013-09-19 17:57:05.569446-10,,,,4087,101,,28,,,,
119,2013-09-19 17:57:04.569446-10,,,,,,,27,,,,
119,2013-09-19 17:57:03.569446-10,,,,,,,36,,,,
119,2013-09-19 17:57:02.569446-10,,,,,,,40,,,,
119,2013-09-19 17:57:01.569446-10,,,,4093,106,,34,,,,
119,2013-09-19 17:57:00.569446-10,,,,,,,32,,,,
119,2013-09-19 17:56:59.569446-10,,,,,,,32,,,,
119,2013-09-19 17:56:58.569446-10,,,,,,,50,,,,
119,2013-09-19 17:56:57.569446-10,,,,4103,117,,42,,,,
119,2013-09-19 17:56:56.569446-10,,,,,,,185,,,,
119,2013-09-19 17:56:55.569446-10,,,,,,,521,,,,
119,2013-09-19 17:56:54.569446-10,,,,,,,407,,,,
119,2013-09-19 17:56:53.569446-10,,,,4103,118,,453,,,,
119,2013-09-19 17:56:52.569446-10,,,,,,,620,,,,
119,2013-09-19 17:56:51.569446-10,,,,,,,618,,,,
119,2013-09-19 17:56:50.569446-10,,,,,,,553,,,,
119,2013-09-19 17:56:49.569446-10,,,,4098,108,,540,,,,
119,2013-09-19 17:56:48.569446-10,,,,,,,621,,,,
119,2013-09-19 17:56:47.569446-10,,,,,,,66,,,,
119,2013-09-19 17:56:46.569446-10,,,,,,,103,,,,
119,2013-09-19 17:56:45.569446-10,,,,4100,104,,89,,,,
119,2013-09-19 17:56:44.569446-10,,,,,,,89,,,,
119,2013-09-19 17:56:43.569446-10,,,,,,,85,,,,
119,2013-09-19 17:56:42.569446-10,,,,,,,74,,,,
119,2013-09-19 17:56:41.569446-10,,,,4108,113,,87,,,,
119,2013-09-19 17:56:40.569446-10,,,,,,,94,,,,
119,2013-09-19 17:56:39.569446-10,,,,,,,73,,,,
119,2013-09-19 17:56:38.569446-10,,,,,,,75,,,,
119,2013-09-19 17:56:37.569446-10,,,,4106,100,,48,,,,
119,2013-09-19 17:56:36.569446-10,,,,,,,75,,,,
119,2013-09-19 17:56:35.569446-10,,,,,,,447,,,,
119,2013-09-19 17:56:34.569446-10,,,,,,,99,,,,
119,2013-09-19 17:56:33.569446-10,,,,4100,115,,95,,,,
119,2013-09-19 17:56:32.569446-10,,,,,,,102,,,,
119,2013-09-19 17:56:31.569446-10,,,,,,,95,,,,
119,2013-09-19 17:56:30.569446-10,,,,,,,24,,,,
115,2013-09-19 17:57:31.425447-10,118332,273,101043,4052,95,,6,,,,0
115,2013-09-19 17:57:30.425447-10,,,,,,,10,,,,
115,2013-09-19 17:57:29.425447-10,,,,,,,6,,,,
115,2013-09-19 17:57:28.425447-10,,,,,,,10,,,,
115,2013-09-19 17:57:27.425447-10,,,,4067,88,,6,,,,
115,2013-09-19 17:57:26.425447-10,,,,,,,4,,,,
115,2013-09-19 17:57:25.425447-10,,,,,,,4,,,,
115,2013-09-19 17:57:24.425447-10,,,,,,,6,,,,
115,2013-09-19 17:57:23.425447-10,,,,4034,82,,0,,,,
115,2013-09-19 17:57:22.425447-10,,,,,,,13,,,,
115,2013-09-19 17:57:21.425447-10,,,,,,,10,,,,
115,2013-09-19 17:57:20.425447-10,,,,,,,1,,,,
115,2013-09-19 17:57:19.425447-10,,,,4065,88,,2,,,,
115,2013-09-19 17:57:18.425447-10,,,,,,,6,,,,
115,2013-09-19 17:57:17.425447-10,,,,,,,8,,,,
115,2013-09-19 17:57:16.425447-10,,,,,,,4,,,,
115,2013-09-19 17:57:15.425447-10,,,,4062,96,,8,,,,
115,2013-09-19 17:57:14.425447-10,,,,,,,5,,,,
115,2013-09-19 17:57:13.425447-10,,,,,,,9,,,,
115,2013-09-19 17:57:12.425447-10,,,,,,,7,,,,
115,2013-09-19 17:57:11.425447-10,,,,4066,91,,13,,,,
115,2013-09-19 17:57:10.425447-10,,,,,,,9,,,,
115,2013-09-19 17:57:09.425447-10,,,,,,,3,,,,
115,2013-09-19 17:57:08.425447-10,,,,,,,8,,,,
115,2013-09-19 17:57:07.425447-10,,,,4058,95,,9,,,,
115,2013-09-19 17:57:06.425447-10,,,,,,,8,,,,
115,2013-09-19 17:57:05.425447-10,,,,,,,3,,,,
115,2013-09-19 17:57:04.425447-10,,,,,,,7,,,,
115,2013-09-19 17:57:03.425447-10,,,,4066,88,,9,,,,
115,2013-09-19 17:57:02.425447-10,,,,,,,10,,,,
115,2013-09-19 17:57:01.425447-10,,,,,,,12,,,,
115,2013-09-19 17:57:00.425447-10,,,,,,,9,,,,
115,2013-09-19 17:56:59.425447-10,,,,4059,101,,8,,,,
115,2013-09-19 17:56:58.425447-10,,,,,,,5,,,,
115,2013-09-19 17:56:57.425447-10,,,,,,,10,,,,
115,2013-09-19 17:56:56.425447-10,,,,,,,8,,,,
115,2013-09-19 17:56:55.425447-10,,,,4062,89,,8,,,,
115,2013-09-19 17:56:54.425447-10,,,,,,,5,,,,
115,2013-09-19 17:56:53.425447-10,,,,,,,8,,,,
115,2013-09-19 17:56:52.425447-10,,,,,,,10,,,,
115,2013-09-19 17:56:51.425447-10,,,,4063,100,,7,,,,
115,2013-09-19 17:56:50.425447-10,,,,,,,7,,,,
115,2013-09-19 17:56:49.425447-10,,,,,,,8,,,,
115,2013-09-19 17:56:48.425447-10,,,,,,,7,,,,
115,2013-09-19 17:56:47.425447-10,,,,4061,105,,7,,,,
115,2013-09-19 17:56:46.425447-10,,,,,,,7,,,,
115,2013-09-19 17:56:45.425447-10,,,,,,,11,,,,
115,2013-09-19 17:56:44.425447-10,,,,,,,7,,,,
115,2013-09-19 17:56:43.425447-10,,,,4044,87,,5,,,,
115,2013-09-19 17:56:42.425447-10,,,,,,,5,,,,
115,2013-09-19 17:56:41.425447-10,,,,,,,11,,,,
115,2013-09-19 17:56:40.425447-10,,,,,,,5,,,,
115,2013-09-19 17:56:39.425447-10,,,,4058,103,,6,,,,
115,2013-09-19 17:56:38.425447-10,,,,,,,6,,,,
115,2013-09-19 17:56:37.425447-10,,,,,,,11,,,,
115,2013-09-19 17:56:36.425447-10,,,,,,,10,,,,
115,2013-09-19 17:56:35.425447-10,,,,4065,94,,8,,,,
115,2013-09-19 17:56:34.425447-10,,,,,,,13,,,,
115,2013-09-19 17:56:33.425447-10,,,,,,,10,,,,
115,2013-09-19 17:56:32.425447-10,,,,,,,7,,,,
112,2013-09-19 17:57:59.65146-10,168121,324,100907,4165,7,,4991,,,,0
112,2013-09-19 17:57:58.65146-10,,,,,,,4992,,,,
112,2013-09-19 17:57:57.65146-10,,,,,,,4992,,,,
112,2013-09-19 17:57:56.65146-10,,,,,,,4992,,,,
112,2013-09-19 17:57:55.65146-10,,,,4146,0,,4992,,,,
112,2013-09-19 17:57:54.65146-10,,,,,,,4989,,,,
112,2013-09-19 17:57:53.65146-10,,,,,,,4991,,,,
112,2013-09-19 17:57:52.65146-10,,,,,,,4996,,,,
112,2013-09-19 17:57:51.65146-10,,,,4160,4,,4992,,,,
112,2013-09-19 17:57:50.65146-10,,,,,,,4993,,,,
112,2013-09-19 17:57:49.65146-10,,,,,,,4991,,,,
112,2013-09-19 17:57:48.65146-10,,,,,,,4997,,,,
112,2013-09-19 17:57:47.65146-10,,,,4148,5,,4995,,,,
112,2013-09-19 17:57:46.65146-10,,,,,,,4993,,,,
112,2013-09-19 17:57:45.65146-10,,,,,,,4992,,,,
112,2013-09-19 17:57:44.65146-10,,,,,,,4988,,,,
112,2013-09-19 17:57:43.65146-10,,,,4158,2,,4996,,,,
112,2013-09-19 17:57:42.65146-10,,,,,,,4991,,,,
112,2013-09-19 17:57:41.65146-10,,,,,,,4991,,,,
112,2013-09-19 17:57:40.65146-10,,,,,,,4992,,,,
115,2013-09-19 17:55:21.080338-10,98912,273,101037,4056,89,,9,,,,0
115,2013-09-19 17:55:20.080338-10,,,,,,,7,,,,
115,2013-09-19 17:55:19.080338-10,,,,,,,6,,,,
115,2013-09-19 17:55:18.080338-10,,,,,,,6,,,,
115,2013-09-19 17:55:17.080338-10,,,,4044,87,,12,,,,
115,2013-09-19 17:55:16.080338-10,,,,,,,3,,,,
115,2013-09-19 17:55:15.080338-10,,,,,,,13,,,,
115,2013-09-19 17:55:14.080338-10,,,,,,,1,,,,
115,2013-09-19 17:55:13.080338-10,,,,4040,86,,11,,,,
115,2013-09-19 17:55:12.080338-10,,,,,,,5,,,,
115,2013-09-19 17:55:11.080338-10,,,,,,,6,,,,
115,2013-09-19 17:55:10.080338-10,,,,,,,7,,,,
115,2013-09-19 17:55:09.080338-10,,,,4056,109,,6,,,,
115,2013-09-19 17:55:08.080338-10,,,,,,,5,,,,
115,2013-09-19 17:55:07.080338-10,,,,,,,7,,,,
115,2013-09-19 17:55:06.080338-10,,,,,,,3,,,,
115,2013-09-19 17:55:05.080338-10,,,,4052,92,,3,,,,
115,2013-09-19 17:55:04.080338-10,,,,,,,9,,,,
115,2013-09-19 17:55:03.080338-10,,,,,,,7,,,,
115,2013-09-19 17:55:02.080338-10,,,,,,,9,,,,
115,2013-09-19 17:55:01.080338-10,,,,4052,93,,7,,,,
115,2013-09-19 17:55:00.080338-10,,,,,,,8,,,,
115,2013-09-19 17:54:59.080338-10,,,,,,,11,,,,
115,2013-09-19 17:54:58.080338-10,,,,,,,10,,,,
115,2013-09-19 17:54:57.080338-10,,,,4077,84,,13,,,,
115,2013-09-19 17:54:56.080338-10,,,,,,,5,,,,
115,2013-09-19 17:54:55.080338-10,,,,,,,2,,,,
115,2013-09-19 17:54:54.080338-10,,,,,,,9,,,,
115,2013-09-19 17:54:53.080338-10,,,,4057,100,,7,,,,
115,2013-09-19 17:54:52.080338-10,,,,,,,4,,,,
115,2013-09-19 17:54:51.080338-10,,,,,,,9,,,,
115,2013-09-19 17:54:50.080338-10,,,,,,,9,,,,
115,2013-09-19 17:54:49.080338-10,,,,4064,86,,4,,,,
115,2013-09-19 17:54:48.080338-10,,,,,,,6,,,,
115,2013-09-19 17:54:47.080338-10,,,,,,,7,,,,
115,2013-09-19 17:54:46.080338-10,,,,,,,10,,,,
115,2013-09-19 17:54:45.080338-10,,,,4047,82,,8,,,,
115,2013-09-19 17:54:44.080338-10,,,,,,,9,,,,
115,2013-09-19 17:54:43.080338-10,,,,,,,10,,,,
115,2013-09-19 17:54:42.080338-10,,,,,,,11,,,,
115,2013-09-19 17:54:41.080338-10,,,,4058,86,,6,,,,
115,2013-09-19 17:54:40.080338-10,,,,,,,12,,,,
115,2013-09-19 17:54:39.080338-10,,,,,,,7,,,,
115,2013-09-19 17:54:38.080338-10,,,,,,,9,,,,
115,2013-09-19 17:54:37.080338-10,,,,4058,94,,8,,,,
115,2013-09-19 17:54:36.080338-10,,,,,,,7,,,,
115,2013-09-19 17:54:35.080338-10,,,,,,,10,,,,
115,2013-09-19 17:54:34.080338-10,,,,,,,11,,,,
115,2013-09-19 17:54:33.080338-10,,,,4063,91,,7,,,,
115,2013-09-19 17:54:32.080338-10,,,,,,,8,,,,
115,2013-09-19 17:54:31.080338-10,,,,,,,8,,,,
115,2013-09-19 17:54:30.080338-10,,,,,,,5,,,,
115,2013-09-19 17:54:29.080338-10,,,,4057,112,,8,,,,
115,2013-09-19 17:54:28.080338-10,,,,,,,10,,,,
115,2013-09-19 17:54:27.080338-10,,,,,,,9,,,,
115,2013-09-19 17:54:26.080338-10,,,,,,,11,,,,
115,2013-09-19 17:54:25.080338-10,,,,4044,83,,9,,,,
115,2013-09-19 17:54:24.080338-10,,,,,,,13,,,,
115,2013-09-19 17:54:23.080338-10,,,,,,,2,,,,
115,2013-09-19 17:54:22.080338-10,,,,,,,9,,,,
119,2013-09-19 17:55:29.013371-10,128034,288,101048,4098,110,,65,,,,0
119,2013-09-19 17:55:28.013371-10,,,,,,,67,,,,
119,2013-09-19 17:55:27.013371-10,,,,,,,63,,,,
119,2013-09-19 17:55:26.013371-10,,,,,,,70,,,,
119,2013-09-19 17:55:25.013371-10,,,,4108,105,,67,,,,
119,2013-09-19 17:55:24.013371-10,,,,,,,70,,,,
119,2013-09-19 17:55:23.013371-10,,,,,,,63,,,,
119,2013-09-19 17:55:22.013371-10,,,,,,,65,,,,
119,2013-09-19 17:55:21.013371-10,,,,4095,108,,67,,,,
119,2013-09-19 17:55:20.013371-10,,,,,,,53,,,,
119,2013-09-19 17:55:19.013371-10,,,,,,,65,,,,
119,2013-09-19 17:55:18.013371-10,,,,,,,63,,,,
119,2013-09-19 17:55:17.013371-10,,,,4102,113,,62,,,,
119,2013-09-19 17:55:16.013371-10,,,,,,,69,,,,
119,2013-09-19 17:55:15.013371-10,,,,,,,59,,,,
119,2013-09-19 17:55:14.013371-10,,,,,,,57,,,,
119,2013-09-19 17:55:13.013371-10,,,,4101,106,,63,,,,
119,2013-09-19 17:55:12.013371-10,,,,,,,62,,,,
119,2013-09-19 17:55:11.013371-10,,,,,,,59,,,,
119,2013-09-19 17:55:10.013371-10,,,,,,,64,,,,
119,2013-09-19 17:55:09.013371-10,,,,4100,100,,65,,,,
119,2013-09-19 17:55:08.013371-10,,,,,,,60,,,,
119,2013-09-19 17:55:07.013371-10,,,,,,,59,,,,
119,2013-09-19 17:55:06.013371-10,,,,,,,57,,,,
119,2013-09-19 17:55:05.013371-10,,,,4109,102,,63,,,,
119,2013-09-19 17:55:04.013371-10,,,,,,,63,,,,
119,2013-09-19 17:55:03.013371-10,,,,,,,55,,,,
119,2013-09-19 17:55:02.013371-10,,,,,,,47,,,,
119,2013-09-19 17:55:01.013371-10,,,,4112,107,,47,,,,
119,2013-09-19 17:55:00.013371-10,,,,,,,54,,,,
119,2013-09-19 17:54:59.013371-10,,,,,,,52,,,,
119,2013-09-19 17:54:58.013371-10,,,,,,,56,,,,
119,2013-09-19 17:54:57.013371-10,,,,4093,107,,64,,,,
119,2013-09-19 17:54:56.013371-10,,,,,,,53,,,,
119,2013-09-19 17:54:55.013371-10,,,,,,,69,,,,
119,2013-09-19 17:54:54.013371-10,,,,,,,69,,,,
119,2013-09-19 17:54:53.013371-10,,,,4110,87,,71,,,,
119,2013-09-19 17:54:52.013371-10,,,,,,,74,,,,
119,2013-09-19 17:54:51.013371-10,,,,,,,67,,,,
119,2013-09-19 17:54:50.013371-10,,,,,,,69,,,,
119,2013-09-19 17:54:49.013371-10,,,,4104,91,,59,,,,
119,2013-09-19 17:54:48.013371-10,,,,,,,59,,,,
119,2013-09-19 17:54:47.013371-10,,,,,,,49,,,,
119,2013-09-19 17:54:46.013371-10,,,,,,,47,,,,
119,2013-09-19 17:54:45.013371-10,,,,4102,96,,46,,,,
119,2013-09-19 17:54:44.013371-10,,,,,,,39,,,,
119,2013-09-19 17:54:43.013371-10,,,,,,,44,,,,
119,2013-09-19 17:54:42.013371-10,,,,,,,38,,,,
119,2013-09-19 17:54:41.013371-10,,,,4091,89,,43,,,,
119,2013-09-19 17:54:40.013371-10,,,,,,,35,,,,
119,2013-09-19 17:54:39.013371-10,,,,,,,43,,,,
119,2013-09-19 17:54:38.013371-10,,,,,,,37,,,,
119,2013-09-19 17:54:37.013371-10,,,,4103,87,,39,,,,
119,2013-09-19 17:54:36.013371-10,,,,,,,40,,,,
119,2013-09-19 17:54:35.013371-10,,,,,,,39,,,,
119,2013-09-19 17:54:34.013371-10,,,,,,,50,,,,
119,2013-09-19 17:54:33.013371-10,,,,4093,88,,46,,,,
119,2013-09-19 17:54:32.013371-10,,,,,,,38,,,,
119,2013-09-19 17:54:31.013371-10,,,,,,,36,,,,
119,2013-09-19 17:54:30.013371-10,,,,,,,37,,,,
112,2013-09-19 17:57:17.65146-10,,,,,,,4991,,,,
112,2013-09-19 17:57:16.65146-10,,,,,,,4991,,,,
112,2013-09-19 17:57:15.65146-10,,,,4156,134,,4992,,,,
112,2013-09-19 17:57:14.65146-10,,,,,,,4998,,,,
112,2013-09-19 17:57:13.65146-10,,,,,,,4985,,,,
112,2013-09-19 17:57:12.65146-10,,,,,,,4991,,,,
112,2013-09-19 17:57:11.65146-10,,,,4154,131,,4991,,,,
112,2013-09-19 17:57:10.65146-10,,,,,,,4994,,,,
112,2013-09-19 17:57:09.65146-10,,,,,,,4994,,,,
112,2013-09-19 17:57:08.65146-10,,,,,,,4991,,,,
112,2013-09-19 17:57:07.65146-10,,,,4156,128,,4993,,,,
112,2013-09-19 17:57:06.65146-10,,,,,,,4995,,,,
112,2013-09-19 17:57:05.65146-10,,,,,,,4987,,,,
112,2013-09-19 17:57:04.65146-10,,,,,,,4988,,,,
112,2013-09-19 17:57:03.65146-10,,,,4148,130,,4988,,,,
112,2013-09-19 17:57:02.65146-10,,,,,,,4991,,,,
112,2013-09-19 17:57:01.65146-10,,,,,,,4989,,,,
112,2013-09-19 17:57:00.65146-10,,,,,,,4993,,,,
119,2013-09-19 17:58:29.862471-10,157172,288,101054,4090,93,,16,,,,0
119,2013-09-19 17:58:28.862471-10,,,,,,,11,,,,
119,2013-09-19 17:58:27.862471-10,,,,,,,22,,,,
119,2013-09-19 17:58:26.862471-10,,,,,,,19,,,,
119,2013-09-19 17:58:25.862471-10,,,,4105,91,,11,,,,
119,2013-09-19 17:58:24.862471-10,,,,,,,2,,,,
119,2013-09-19 17:58:23.862471-10,,,,,,,9,,,,
119,2013-09-19 17:58:22.862471-10,,,,,,,11,,,,
119,2013-09-19 17:58:21.862471-10,,,,4109,106,,22,,,,
119,2013-09-19 17:58:20.862471-10,,,,,,,16,,,,
119,2013-09-19 17:58:19.862471-10,,,,,,,18,,,,
119,2013-09-19 17:58:18.862471-10,,,,,,,17,,,,
119,2013-09-19 17:58:17.862471-10,,,,4101,106,,4,,,,
119,2013-09-19 17:58:16.862471-10,,,,,,,14,,,,
119,2013-09-19 17:58:15.862471-10,,,,,,,15,,,,
119,2013-09-19 17:58:14.862471-10,,,,,,,13,,,,
119,2013-09-19 17:58:13.862471-10,,,,4103,98,,16,,,,
119,2013-09-19 17:58:12.862471-10,,,,,,,14,,,,
119,2013-09-19 17:58:11.862471-10,,,,,,,18,,,,
119,2013-09-19 17:58:10.862471-10,,,,,,,3,,,,
119,2013-09-19 17:58:09.862471-10,,,,4102,104,,14,,,,
119,2013-09-19 17:58:08.862471-10,,,,,,,13,,,,
119,2013-09-19 17:58:07.862471-10,,,,,,,12,,,,
119,2013-09-19 17:58:06.862471-10,,,,,,,14,,,,
119,2013-09-19 17:58:05.862471-10,,,,4105,113,,16,,,,
119,2013-09-19 17:58:04.862471-10,,,,,,,11,,,,
119,2013-09-19 17:58:03.862471-10,,,,,,,1,,,,
119,2013-09-19 17:58:02.862471-10,,,,,,,8,,,,
119,2013-09-19 17:58:01.862471-10,,,,4098,113,,13,,,,
119,2013-09-19 17:58:00.862471-10,,,,,,,13,,,,
119,2013-09-19 17:57:59.862471-10,,,,,,,15,,,,
119,2013-09-19 17:57:58.862471-10,,,,,,,13,,,,
119,2013-09-19 17:57:57.862471-10,,,,4094,112,,0,,,,
119,2013-09-19 17:57:56.862471-10,,,,,,,3,,,,
119,2013-09-19 17:57:55.862471-10,,,,,,,13,,,,
119,2013-09-19 17:57:54.862471-10,,,,,,,15,,,,
119,2013-09-19 17:57:53.862471-10,,,,4096,106,,14,,,,
119,2013-09-19 17:57:52.862471-10,,,,,,,11,,,,
119,2013-09-19 17:57:51.862471-10,,,,,,,7,,,,
119,2013-09-19 17:57:50.862471-10,,,,,,,1,,,,
119,2013-09-19 17:57:49.862471-10,,,,4099,114,,0,,,,
119,2013-09-19 17:57:48.862471-10,,,,,,,2,,,,
119,2013-09-19 17:57:47.862471-10,,,,,,,5,,,,
119,2013-09-19 17:57:46.862471-10,,,,,,,0,,,,
119,2013-09-19 17:57:45.862471-10,,,,4097,105,,11,,,,
119,2013-09-19 17:57:44.862471-10,,,,,,,3,,,,
119,2013-09-19 17:57:43.862471-10,,,,,,,3,,,,
119,2013-09-19 17:57:42.862471-10,,,,,,,0,,,,
119,2013-09-19 17:57:41.862471-10,,,,4098,116,,0,,,,
119,2013-09-19 17:57:40.862471-10,,,,,,,2,,,,
119,2013-09-19 17:57:39.862471-10,,,,,,,1,,,,
119,2013-09-19 17:57:38.862471-10,,,,,,,4,,,,
119,2013-09-19 17:57:37.862471-10,,,,4098,111,,3,,,,
119,2013-09-19 17:57:36.862471-10,,,,,,,1,,,,
119,2013-09-19 17:57:35.862471-10,,,,,,,1,,,,
119,2013-09-19 17:57:34.862471-10,,,,,,,1,,,,
119,2013-09-19 17:57:33.862471-10,,,,4105,114,,2,,,,
119,2013-09-19 17:57:32.862471-10,,,,,,,1,,,,
119,2013-09-19 17:57:31.862471-10,,,,,,,2,,,,
119,2013-09-19 17:57:30.862471-10,,,,,,,0,,,,
115,2013-09-19 17:58:36.596458-10,128043,272,101047,4055,87,,15,,,,0
115,2013-09-19 17:58:35.596458-10,,,,,,,13,,,,
115,2013-09-19 17:58:34.596458-10,,,,,,,8,,,,
115,2013-09-19 17:58:33.596458-10,,,,,,,8,,,,
115,2013-09-19 17:58:32.596458-10,,,,4051,89,,5,,,,
115,2013-09-19 17:58:31.596458-10,,,,,,,7,,,,
115,2013-09-19 17:58:30.596458-10,,,,,,,7,,,,
115,2013-09-19 17:58:29.596458-10,,,,,,,5,,,,
115,2013-09-19 17:58:28.596458-10,,,,4055,87,,8,,,,
115,2013-09-19 17:58:27.596458-10,,,,,,,8,,,,
115,2013-09-19 17:58:26.596458-10,,,,,,,11,,,,
115,2013-09-19 17:58:25.596458-10,,,,,,,14,,,,
115,2013-09-19 17:58:24.596458-10,,,,4043,94,,9,,,,
115,2013-09-19 17:58:23.596458-10,,,,,,,12,,,,
115,2013-09-19 17:58:22.596458-10,,,,,,,9,,,,
115,2013-09-19 17:58:21.596458-10,,,,,,,12,,,,
115,2013-09-19 17:58:20.596458-10,,,,4050,95,,8,,,,
115,2013-09-19 17:58:19.596458-10,,,,,,,7,,,,
115,2013-09-19 17:58:18.596458-10,,,,,,,7,,,,
115,2013-09-19 17:58:17.596458-10,,,,,,,10,,,,
115,2013-09-19 17:58:16.596458-10,,,,4068,91,,3,,,,
115,2013-09-19 17:58:15.596458-10,,,,,,,14,,,,
115,2013-09-19 17:58:14.596458-10,,,,,,,13,,,,
115,2013-09-19 17:58:13.596458-10,,,,,,,10,,,,
115,2013-09-19 17:58:12.596458-10,,,,4043,86,,14,,,,
115,2013-09-19 17:58:11.596458-10,,,,,,,5,,,,
115,2013-09-19 17:58:10.596458-10,,,,,,,7,,,,
115,2013-09-19 17:58:09.596458-10,,,,,,,8,,,,
115,2013-09-19 17:58:08.596458-10,,,,4054,81,,6,,,,
115,2013-09-19 17:58:07.596458-10,,,,,,,6,,,,
115,2013-09-19 17:58:06.596458-10,,,,,,,6,,,,
115,2013-09-19 17:58:05.596458-10,,,,,,,7,,,,
115,2013-09-19 17:58:04.596458-10,,,,4058,87,,6,,,,
115,2013-09-19 17:58:03.596458-10,,,,,,,11,,,,
115,2013-09-19 17:58:02.596458-10,,,,,,,10,,,,
115,2013-09-19 17:58:01.596458-10,,,,,,,6,,,,
115,2013-09-19 17:58:00.596458-10,,,,4059,88,,10,,,,
115,2013-09-19 17:57:59.596458-10,,,,,,,5,,,,
115,2013-09-19 17:57:58.596458-10,,,,,,,6,,,,
115,2013-09-19 17:57:57.596458-10,,,,,,,6,,,,
115,2013-09-19 17:57:56.596458-10,,,,4058,93,,11,,,,
115,2013-09-19 17:57:55.596458-10,,,,,,,10,,,,
115,2013-09-19 17:57:54.596458-10,,,,,,,10,,,,
115,2013-09-19 17:57:53.596458-10,,,,,,,6,,,,
115,2013-09-19 17:57:52.596458-10,,,,4048,92,,9,,,,
115,2013-09-19 17:57:51.596458-10,,,,,,,7,,,,
115,2013-09-19 17:57:50.596458-10,,,,,,,6,,,,
115,2013-09-19 17:57:49.596458-10,,,,,,,8,,,,
115,2013-09-19 17:57:48.596458-10,,,,4059,86,,6,,,,
115,2013-09-19 17:57:47.596458-10,,,,,,,4,,,,
115,2013-09-19 17:57:46.596458-10,,,,,,,6,,,,
115,2013-09-19 17:57:45.596458-10,,,,,,,6,,,,
115,2013-09-19 17:57:44.596458-10,,,,4042,94,,9,,,,
115,2013-09-19 17:57:43.596458-10,,,,,,,6,,,,
115,2013-09-19 17:57:42.596458-10,,,,,,,7,,,,
115,2013-09-19 17:57:41.596458-10,,,,,,,9,,,,
115,2013-09-19 17:57:40.596458-10,,,,4050,87,,3,,,,
115,2013-09-19 17:57:39.596458-10,,,,,,,7,,,,
115,2013-09-19 17:57:38.596458-10,,,,,,,12,,,,
115,2013-09-19 17:57:37.596458-10,,,,,,,8,,,,
112,2013-09-19 17:59:01.059477-10,177905,314,100942,4158,116,,4991,,,,0
112,2013-09-19 17:59:00.059477-10,,,,,,,4990,,,,
112,2013-09-19 17:58:59.059477-10,,,,,,,4992,,,,
112,2013-09-19 17:58:58.059477-10,,,,,,,4994,,,,
112,2013-09-19 17:58:57.059477-10,,,,4147,102,,4994,,,,
112,2013-09-19 17:58:56.059477-10,,,,,,,4991,,,,
112,2013-09-19 17:58:55.059477-10,,,,,,,4990,,,,
112,2013-09-19 17:58:54.059477-10,,,,,,,4994,,,,
112,2013-09-19 17:58:53.059477-10,,,,4153,94,,4990,,,,
112,2013-09-19 17:58:52.059477-10,,,,,,,4983,,,,
112,2013-09-19 17:58:51.059477-10,,,,,,,4995,,,,
112,2013-09-19 17:58:50.059477-10,,,,,,,4986,,,,
112,2013-09-19 17:58:49.059477-10,,,,4136,94,,4987,,,,
112,2013-09-19 17:58:48.059477-10,,,,,,,4994,,,,
112,2013-09-19 17:58:47.059477-10,,,,,,,4991,,,,
112,2013-09-19 17:58:46.059477-10,,,,,,,4990,,,,
112,2013-09-19 17:58:45.059477-10,,,,4146,101,,4986,,,,
112,2013-09-19 17:58:44.059477-10,,,,,,,4990,,,,
112,2013-09-19 17:58:43.059477-10,,,,,,,4980,,,,
112,2013-09-19 17:58:42.059477-10,,,,,,,4993,,,,
112,2013-09-19 17:58:41.059477-10,,,,4161,114,,4996,,,,
112,2013-09-19 17:58:40.059477-10,,,,,,,4987,,,,
112,2013-09-19 17:58:39.059477-10,,,,,,,4990,,,,
112,2013-09-19 17:58:38.059477-10,,,,,,,4995,,,,
112,2013-09-19 17:58:37.059477-10,,,,4147,109,,4993,,,,
112,2013-09-19 17:58:36.059477-10,,,,,,,4990,,,,
112,2013-09-19 17:58:35.059477-10,,,,,,,4991,,,,
112,2013-09-19 17:58:34.059477-10,,,,,,,4991,,,,
112,2013-09-19 17:58:33.059477-10,,,,4145,96,,4987,,,,
112,2013-09-19 17:58:32.059477-10,,,,,,,4991,,,,
112,2013-09-19 17:58:31.059477-10,,,,,,,4992,,,,
112,2013-09-19 17:58:30.059477-10,,,,,,,4987,,,,
112,2013-09-19 17:58:29.059477-10,,,,4151,101,,4986,,,,
112,2013-09-19 17:58:28.059477-10,,,,,,,4989,,,,
112,2013-09-19 17:58:27.059477-10,,,,,,,4995,,,,
112,2013-09-19 17:58:26.059477-10,,,,,,,4993,,,,
112,2013-09-19 17:58:25.059477-10,,,,4142,95,,4989,,,,
112,2013-09-19 17:58:24.059477-10,,,,,,,4985,,,,
112,2013-09-19 17:58:23.059477-10,,,,,,,4993,,,,
112,2013-09-19 17:58:22.059477-10,,,,,,,4992,,,,
112,2013-09-19 17:58:21.059477-10,,,,4163,111,,4990,,,,
112,2013-09-19 17:58:20.059477-10,,,,,,,4992,,,,
112,2013-09-19 17:58:19.059477-10,,,,,,,4989,,,,
112,2013-09-19 17:58:18.059477-10,,,,,,,4996,,,,
112,2013-09-19 17:58:17.059477-10,,,,4160,114,,4992,,,,
112,2013-09-19 17:58:16.059477-10,,,,,,,4995,,,,
112,2013-09-19 17:58:15.059477-10,,,,,,,4989,,,,
112,2013-09-19 17:58:14.059477-10,,,,,,,4991,,,,
112,2013-09-19 17:58:13.059477-10,,,,4152,110,,4990,,,,
112,2013-09-19 17:58:12.059477-10,,,,,,,4993,,,,
112,2013-09-19 17:58:11.059477-10,,,,,,,4995,,,,
112,2013-09-19 17:58:10.059477-10,,,,,,,4990,,,,
112,2013-09-19 17:58:09.059477-10,,,,4150,102,,4991,,,,
112,2013-09-19 17:58:08.059477-10,,,,,,,4988,,,,
112,2013-09-19 17:58:07.059477-10,,,,,,,4989,,,,
112,2013-09-19 17:58:06.059477-10,,,,,,,4988,,,,
112,2013-09-19 17:58:05.059477-10,,,,4160,5,,4994,,,,
112,2013-09-19 17:58:04.059477-10,,,,,,,4992,,,,
112,2013-09-19 17:58:03.059477-10,,,,,,,4991,,,,
112,2013-09-19 17:58:02.059477-10,,,,,,,4995,,,,
119,2013-09-19 17:59:30.157548-10,166883,285,101063,4103,97,,1,,,,0
119,2013-09-19 17:59:29.157548-10,,,,,,,2,,,,
119,2013-09-19 17:59:28.157548-10,,,,,,,2,,,,
119,2013-09-19 17:59:27.157548-10,,,,,,,1,,,,
119,2013-09-19 17:59:26.157548-10,,,,4097,102,,3,,,,
119,2013-09-19 17:59:25.157548-10,,,,,,,2,,,,
119,2013-09-19 17:59:24.157548-10,,,,,,,0,,,,
119,2013-09-19 17:59:23.157548-10,,,,,,,2,,,,
119,2013-09-19 17:59:22.157548-10,,,,4113,89,,2,,,,
119,2013-09-19 17:59:21.157548-10,,,,,,,1,,,,
119,2013-09-19 17:59:20.157548-10,,,,,,,0,,,,
119,2013-09-19 17:59:19.157548-10,,,,,,,0,,,,
119,2013-09-19 17:59:18.157548-10,,,,4101,90,,2,,,,
119,2013-09-19 17:59:17.157548-10,,,,,,,1,,,,
119,2013-09-19 17:59:16.157548-10,,,,,,,3,,,,
119,2013-09-19 17:59:15.157548-10,,,,,,,1,,,,
119,2013-09-19 17:59:14.157548-10,,,,4101,102,,9,,,,
119,2013-09-19 17:59:13.157548-10,,,,,,,0,,,,
119,2013-09-19 17:59:12.157548-10,,,,,,,4,,,,
119,2013-09-19 17:59:11.157548-10,,,,,,,6,,,,
119,2013-09-19 17:59:10.157548-10,,,,4113,119,,5,,,,
119,2013-09-19 17:59:09.157548-10,,,,,,,9,,,,
119,2013-09-19 17:59:08.157548-10,,,,,,,13,,,,
119,2013-09-19 17:59:07.157548-10,,,,,,,9,,,,
119,2013-09-19 17:59:06.157548-10,,,,4109,109,,15,,,,
119,2013-09-19 17:59:05.157548-10,,,,,,,16,,,,
119,2013-09-19 17:59:04.157548-10,,,,,,,18,,,,
119,2013-09-19 17:59:03.157548-10,,,,,,,17,,,,
119,2013-09-19 17:59:02.157548-10,,,,4094,107,,22,,,,
119,2013-09-19 17:59:01.157548-10,,,,,,,14,,,,
119,2013-09-19 17:59:00.157548-10,,,,,,,13,,,,
119,2013-09-19 17:58:59.157548-10,,,,,,,18,,,,
119,2013-09-19 17:58:58.157548-10,,,,4108,113,,14,,,,
119,2013-09-19 17:58:57.157548-10,,,,,,,20,,,,
119,2013-09-19 17:58:56.157548-10,,,,,,,13,,,,
119,2013-09-19 17:58:55.157548-10,,,,,,,16,,,,
119,2013-09-19 17:58:54.157548-10,,,,4108,108,,13,,,,
119,2013-09-19 17:58:53.157548-10,,,,,,,22,,,,
119,2013-09-19 17:58:52.157548-10,,,,,,,19,,,,
119,2013-09-19 17:58:51.157548-10,,,,,,,13,,,,
119,2013-09-19 17:58:50.157548-10,,,,4110,101,,15,,,,
119,2013-09-19 17:58:49.157548-10,,,,,,,22,,,,
119,2013-09-19 17:58:48.157548-10,,,,,,,18,,,,
119,2013-09-19 17:58:47.157548-10,,,,,,,22,,,,
119,2013-09-19 17:58:46.157548-10,,,,4103,113,,22,,,,
119,2013-09-19 17:58:45.157548-10,,,,,,,21,,,,
119,2013-09-19 17:58:44.157548-10,,,,,,,28,,,,
119,2013-09-19 17:58:43.157548-10,,,,,,,10,,,,
119,2013-09-19 17:58:42.157548-10,,,,4098,105,,20,,,,
119,2013-09-19 17:58:41.157548-10,,,,,,,15,,,,
119,2013-09-19 17:58:40.157548-10,,,,,,,15,,,,
119,2013-09-19 17:58:39.157548-10,,,,,,,13,,,,
119,2013-09-19 17:58:38.157548-10,,,,4099,102,,16,,,,
119,2013-09-19 17:58:37.157548-10,,,,,,,26,,,,
119,2013-09-19 17:58:36.157548-10,,,,,,,22,,,,
119,2013-09-19 17:58:35.157548-10,,,,,,,21,,,,
119,2013-09-19 17:58:34.157548-10,,,,4099,107,,23,,,,
119,2013-09-19 17:58:33.157548-10,,,,,,,24,,,,
119,2013-09-19 17:58:32.157548-10,,,,,,,4,,,,
119,2013-09-19 17:58:31.157548-10,,,,,,,12,,,,
115,2013-09-19 17:59:41.772503-10,137751,272,101033,4055,96,,5,,,,0
115,2013-09-19 17:59:40.772503-10,,,,,,,4,,,,
115,2013-09-19 17:59:39.772503-10,,,,,,,8,,,,
115,2013-09-19 17:59:38.772503-10,,,,,,,12,,,,
115,2013-09-19 17:59:37.772503-10,,,,4050,92,,5,,,,
115,2013-09-19 17:59:36.772503-10,,,,,,,4,,,,
115,2013-09-19 17:59:35.772503-10,,,,,,,3,,,,
115,2013-09-19 17:59:34.772503-10,,,,,,,0,,,,
115,2013-09-19 17:59:33.772503-10,,,,4048,89,,3,,,,
115,2013-09-19 17:59:32.772503-10,,,,,,,4,,,,
115,2013-09-19 17:59:31.772503-10,,,,,,,8,,,,
115,2013-09-19 17:59:30.772503-10,,,,,,,2,,,,
115,2013-09-19 17:59:29.772503-10,,,,4054,92,,5,,,,
115,2013-09-19 17:59:28.772503-10,,,,,,,4,,,,
115,2013-09-19 17:59:27.772503-10,,,,,,,3,,,,
115,2013-09-19 17:59:26.772503-10,,,,,,,2,,,,
115,2013-09-19 17:59:25.772503-10,,,,4060,99,,5,,,,
115,2013-09-19 17:59:24.772503-10,,,,,,,3,,,,
115,2013-09-19 17:59:23.772503-10,,,,,,,7,,,,
115,2013-09-19 17:59:22.772503-10,,,,,,,6,,,,
115,2013-09-19 17:59:21.772503-10,,,,4046,86,,3,,,,
115,2013-09-19 17:59:20.772503-10,,,,,,,4,,,,
115,2013-09-19 17:59:19.772503-10,,,,,,,4,,,,
115,2013-09-19 17:59:18.772503-10,,,,,,,8,,,,
115,2013-09-19 17:59:17.772503-10,,,,4054,103,,4,,,,
115,2013-09-19 17:59:16.772503-10,,,,,,,6,,,,
115,2013-09-19 17:59:15.772503-10,,,,,,,4,,,,
115,2013-09-19 17:59:14.772503-10,,,,,,,9,,,,
115,2013-09-19 17:59:13.772503-10,,,,4056,95,,2,,,,
115,2013-09-19 17:59:12.772503-10,,,,,,,7,,,,
115,2013-09-19 17:59:11.772503-10,,,,,,,7,,,,
115,2013-09-19 17:59:10.772503-10,,,,,,,8,,,,
115,2013-09-19 17:59:09.772503-10,,,,4054,86,,29,,,,
115,2013-09-19 17:59:08.772503-10,,,,,,,64,,,,
115,2013-09-19 17:59:07.772503-10,,,,,,,86,,,,
115,2013-09-19 17:59:06.772503-10,,,,,,,53,,,,
115,2013-09-19 17:59:05.772503-10,,,,4065,107,,46,,,,
115,2013-09-19 17:59:04.772503-10,,,,,,,41,,,,
115,2013-09-19 17:59:03.772503-10,,,,,,,53,,,,
115,2013-09-19 17:59:02.772503-10,,,,,,,40,,,,
115,2013-09-19 17:59:01.772503-10,,,,4073,102,,30,,,,
115,2013-09-19 17:59:00.772503-10,,,,,,,34,,,,
115,2013-09-19 17:58:59.772503-10,,,,,,,46,,,,
115,2013-09-19 17:58:58.772503-10,,,,,,,52,,,,
115,2013-09-19 17:58:57.772503-10,,,,4054,100,,65,,,,
115,2013-09-19 17:58:56.772503-10,,,,,,,60,,,,
115,2013-09-19 17:58:55.772503-10,,,,,,,55,,,,
115,2013-09-19 17:58:54.772503-10,,,,,,,71,,,,
115,2013-09-19 17:58:53.772503-10,,,,4053,94,,85,,,,
115,2013-09-19 17:58:52.772503-10,,,,,,,24,,,,
115,2013-09-19 17:58:51.772503-10,,,,,,,16,,,,
115,2013-09-19 17:58:50.772503-10,,,,,,,6,,,,
115,2013-09-19 17:58:49.772503-10,,,,4041,88,,14,,,,
115,2013-09-19 17:58:48.772503-10,,,,,,,11,,,,
115,2013-09-19 17:58:47.772503-10,,,,,,,7,,,,
115,2013-09-19 17:58:46.772503-10,,,,,,,9,,,,
115,2013-09-19 17:58:45.772503-10,,,,4060,99,,14,,,,
115,2013-09-19 17:58:44.772503-10,,,,,,,16,,,,
115,2013-09-19 17:58:43.772503-10,,,,,,,17,,,,
115,2013-09-19 17:58:42.772503-10,,,,,,,21,,,,
112,2013-09-19 18:01:03.740556-10,197451,324,100923,4148,1,,4992,,,,0
112,2013-09-19 18:01:02.740556-10,,,,,,,4990,,,,
112,2013-09-19 18:01:01.740556-10,,,,,,,4991,,,,
112,2013-09-19 18:01:00.740556-10,,,,,,,4997,,,,
112,2013-09-19 18:00:59.740556-10,,,,4153,3,,4993,,,,
112,2013-09-19 18:00:58.740556-10,,,,,,,4995,,,,
112,2013-09-19 18:00:57.740556-10,,,,,,,4996,,,,
112,2013-09-19 18:00:56.740556-10,,,,,,,4987,,,,
112,2013-09-19 18:00:55.740556-10,,,,4162,6,,4995,,,,
112,2013-09-19 18:00:54.740556-10,,,,,,,4993,,,,
112,2013-09-19 18:00:53.740556-10,,,,,,,4996,,,,
112,2013-09-19 18:00:52.740556-10,,,,,,,4986,,,,
112,2013-09-19 18:00:51.740556-10,,,,4170,12,,4997,,,,
112,2013-09-19 18:00:50.740556-10,,,,,,,4994,,,,
112,2013-09-19 18:00:49.740556-10,,,,,,,4990,,,,
112,2013-09-19 18:00:48.740556-10,,,,,,,4995,,,,
112,2013-09-19 18:00:47.740556-10,,,,4143,3,,4987,,,,
112,2013-09-19 18:00:46.740556-10,,,,,,,4992,,,,
112,2013-09-19 18:00:45.740556-10,,,,,,,4996,,,,
112,2013-09-19 18:00:44.740556-10,,,,,,,4994,,,,
112,2013-09-19 18:00:43.740556-10,,,,4155,3,,4992,,,,
112,2013-09-19 18:00:42.740556-10,,,,,,,4998,,,,
112,2013-09-19 18:00:41.740556-10,,,,,,,4992,,,,
112,2013-09-19 18:00:40.740556-10,,,,,,,4987,,,,
112,2013-09-19 18:00:39.740556-10,,,,4151,2,,4994,,,,
112,2013-09-19 18:00:38.740556-10,,,,,,,4994,,,,
112,2013-09-19 18:00:37.740556-10,,,,,,,4995,,,,
112,2013-09-19 18:00:36.740556-10,,,,,,,4991,,,,
112,2013-09-19 18:00:35.740556-10,,,,4151,4,,4992,,,,
112,2013-09-19 18:00:34.740556-10,,,,,,,4995,,,,
112,2013-09-19 18:00:33.740556-10,,,,,,,4992,,,,
112,2013-09-19 18:00:32.740556-10,,,,,,,4990,,,,
112,2013-09-19 18:00:31.740556-10,,,,4148,2,,4993,,,,
112,2013-09-19 18:00:30.740556-10,,,,,,,4994,,,,
112,2013-09-19 18:00:29.740556-10,,,,,,,4987,,,,
112,2013-09-19 18:00:28.740556-10,,,,,,,4994,,,,
112,2013-09-19 18:00:27.740556-10,,,,4151,0,,4992,,,,
112,2013-09-19 18:00:26.740556-10,,,,,,,4997,,,,
112,2013-09-19 18:00:25.740556-10,,,,,,,4992,,,,
112,2013-09-19 18:00:24.740556-10,,,,,,,4993,,,,
112,2013-09-19 18:00:23.740556-10,,,,4159,0,,4992,,,,
112,2013-09-19 18:00:22.740556-10,,,,,,,4996,,,,
112,2013-09-19 18:00:21.740556-10,,,,,,,4996,,,,
112,2013-09-19 18:00:20.740556-10,,,,,,,4997,,,,
112,2013-09-19 18:00:19.740556-10,,,,4148,1,,4994,,,,
112,2013-09-19 18:00:18.740556-10,,,,,,,4994,,,,
112,2013-09-19 18:00:17.740556-10,,,,,,,4992,,,,
112,2013-09-19 18:00:16.740556-10,,,,,,,4993,,,,
112,2013-09-19 18:00:15.740556-10,,,,4160,2,,4991,,,,
112,2013-09-19 18:00:14.740556-10,,,,,,,4992,,,,
112,2013-09-19 18:00:13.740556-10,,,,,,,4991,,,,
112,2013-09-19 18:00:12.740556-10,,,,,,,4997,,,,
112,2013-09-19 18:00:11.740556-10,,,,4154,4,,4993,,,,
112,2013-09-19 18:00:10.740556-10,,,,,,,4997,,,,
112,2013-09-19 18:00:09.740556-10,,,,,,,4996,,,,
112,2013-09-19 18:00:08.740556-10,,,,,,,4989,,,,
112,2013-09-19 18:00:07.740556-10,,,,4151,2,,4992,,,,
112,2013-09-19 18:00:06.740556-10,,,,,,,4995,,,,
112,2013-09-19 18:00:05.740556-10,,,,,,,4997,,,,
112,2013-09-19 18:00:04.740556-10,,,,,,,4992,,,,
112,2013-09-19 18:02:05.161616-10,207216,325,100954,4152,1,,4990,,,,0
112,2013-09-19 18:02:04.161616-10,,,,,,,4995,,,,
112,2013-09-19 18:02:03.161616-10,,,,,,,4994,,,,
112,2013-09-19 18:02:02.161616-10,,,,,,,4989,,,,
112,2013-09-19 18:02:01.161616-10,,,,4156,5,,4992,,,,
112,2013-09-19 18:02:00.161616-10,,,,,,,4992,,,,
112,2013-09-19 18:01:59.161616-10,,,,,,,4990,,,,
112,2013-09-19 18:01:58.161616-10,,,,,,,4994,,,,
112,2013-09-19 18:01:57.161616-10,,,,4157,4,,4991,,,,
112,2013-09-19 18:01:56.161616-10,,,,,,,4993,,,,
112,2013-09-19 18:01:55.161616-10,,,,,,,4994,,,,
112,2013-09-19 18:01:54.161616-10,,,,,,,4989,,,,
112,2013-09-19 18:01:53.161616-10,,,,4138,1,,4994,,,,
112,2013-09-19 18:01:52.161616-10,,,,,,,4991,,,,
112,2013-09-19 18:01:51.161616-10,,,,,,,4993,,,,
112,2013-09-19 18:01:50.161616-10,,,,,,,4997,,,,
112,2013-09-19 18:01:49.161616-10,,,,4159,0,,4997,,,,
112,2013-09-19 18:01:48.161616-10,,,,,,,4993,,,,
112,2013-09-19 18:01:47.161616-10,,,,,,,4996,,,,
112,2013-09-19 18:01:46.161616-10,,,,,,,4999,,,,
112,2013-09-19 18:01:45.161616-10,,,,4155,0,,4989,,,,
112,2013-09-19 18:01:44.161616-10,,,,,,,4991,,,,
112,2013-09-19 18:01:43.161616-10,,,,,,,4989,,,,
112,2013-09-19 18:01:42.161616-10,,,,,,,4990,,,,
112,2013-09-19 18:01:41.161616-10,,,,4165,7,,4997,,,,
112,2013-09-19 18:01:40.161616-10,,,,,,,4992,,,,
112,2013-09-19 18:01:39.161616-10,,,,,,,4993,,,,
112,2013-09-19 18:01:38.161616-10,,,,,,,4992,,,,
112,2013-09-19 18:01:37.161616-10,,,,4135,0,,4991,,,,
112,2013-09-19 18:01:36.161616-10,,,,,,,4991,,,,
112,2013-09-19 18:01:35.161616-10,,,,,,,4994,,,,
112,2013-09-19 18:01:34.161616-10,,,,,,,4990,,,,
112,2013-09-19 18:01:33.161616-10,,,,4156,2,,4994,,,,
112,2013-09-19 18:01:32.161616-10,,,,,,,4991,,,,
112,2013-09-19 18:01:31.161616-10,,,,,,,4991,,,,
112,2013-09-19 18:01:30.161616-10,,,,,,,4991,,,,
112,2013-09-19 18:01:29.161616-10,,,,4155,5,,4992,,,,
112,2013-09-19 18:01:28.161616-10,,,,,,,4991,,,,
112,2013-09-19 18:01:27.161616-10,,,,,,,4998,,,,
112,2013-09-19 18:01:26.161616-10,,,,,,,4993,,,,
112,2013-09-19 18:01:25.161616-10,,,,4153,1,,4993,,,,
112,2013-09-19 18:01:24.161616-10,,,,,,,4989,,,,
112,2013-09-19 18:01:23.161616-10,,,,,,,4990,,,,
112,2013-09-19 18:01:22.161616-10,,,,,,,4998,,,,
112,2013-09-19 18:01:21.161616-10,,,,4161,5,,4992,,,,
112,2013-09-19 18:01:20.161616-10,,,,,,,4993,,,,
112,2013-09-19 18:01:19.161616-10,,,,,,,4995,,,,
112,2013-09-19 18:01:18.161616-10,,,,,,,4994,,,,
112,2013-09-19 18:01:17.161616-10,,,,4162,10,,4995,,,,
112,2013-09-19 18:01:16.161616-10,,,,,,,4992,,,,
112,2013-09-19 18:01:15.161616-10,,,,,,,4995,,,,
112,2013-09-19 18:01:14.161616-10,,,,,,,4995,,,,
112,2013-09-19 18:01:13.161616-10,,,,4159,12,,4995,,,,
112,2013-09-19 18:01:12.161616-10,,,,,,,4998,,,,
112,2013-09-19 18:01:11.161616-10,,,,,,,4995,,,,
112,2013-09-19 18:01:10.161616-10,,,,,,,4997,,,,
112,2013-09-19 18:01:09.161616-10,,,,4149,4,,4992,,,,
112,2013-09-19 18:01:08.161616-10,,,,,,,4989,,,,
112,2013-09-19 18:01:07.161616-10,,,,,,,4990,,,,
112,2013-09-19 18:01:06.161616-10,,,,,,,4995,,,,
